ISO;Pais;Ano;Forca_Trabalho;PIB_pc_USD
ARG;Argentina;2000;16658086,0;7637,01489203628
ARG;Argentina;2001;16713495,0;7141,47507662826
ARG;Argentina;2002;16535085,0;2569,69963519124
ARG;Argentina;2003;17011226,0;3320,47775133903
ARG;Argentina;2004;17502349,0;4242,02099089422
ARG;Argentina;2005;17624307,0;5067,65342293276
ARG;Argentina;2006;17955872,0;5869,38028970204
ARG;Argentina;2007;18001087,0;7185,25155147027
ARG;Argentina;2008;18041663,0;8944,1102657357
ARG;Argentina;2009;18399678,0;8150,23527028221
ARG;Argentina;2010;18468692,0;10260,1313108254
ARG;Argentina;2011;18857586,0;12704,2831819684
ARG;Argentina;2012;19006986,0;12949,717486654
ARG;Argentina;2013;19111596,0;12963,675773326
ARG;Argentina;2014;19177885,0;12233,1444119186
ARG;Argentina;2015;19343227,0;13679,6264980954
ARG;Argentina;2016;19497873,0;12699,9623137756
ARG;Argentina;2017;19643677,0;14532,5009308511
ARG;Argentina;2018;20125838,0;11752,7998922979
ARG;Argentina;2019;20580300,0;9955,97478680428
ARG;Argentina;2020;19317784,0;8535,59938004389
ARG;Argentina;2021;20993886,0;10738,0179223384
ARG;Argentina;2022;21566906,0;13962,1894087223
BEL;Belgium;2000;4412646,0;23098,8865077401
BEL;Belgium;2001;4307825,0;23015,0712632462
BEL;Belgium;2002;4358408,0;25006,191397109
BEL;Belgium;2003;4395670,0;30655,2092679024
BEL;Belgium;2004;4480433,0;35429,4077933344
BEL;Belgium;2005;4627612,0;36809,7013403619
BEL;Belgium;2006;4647632,0;38705,1067959147
BEL;Belgium;2007;4735412,0;44319,165448813
BEL;Belgium;2008;4779497,0;48303,397956286
BEL;Belgium;2009;4801697,0;44923,3400135081
BEL;Belgium;2010;4901576,0;44197,393671162
BEL;Belgium;2011;4884172,0;47760,8298776546
BEL;Belgium;2012;4917260,0;44874,1709182123
BEL;Belgium;2013;4966858,0;46964,5946777056
BEL;Belgium;2014;4984459,0;47995,7786961339
BEL;Belgium;2015;4994454,0;40893,804537772
BEL;Belgium;2016;5001167,0;41854,5498296444
BEL;Belgium;2017;5037325,0;44035,3239358548
BEL;Belgium;2018;5093485,0;47487,2100392561
BEL;Belgium;2019;5146209,0;46716,6227467964
BEL;Belgium;2020;5124712,0;45906,2875805246
BEL;Belgium;2021;5217415,0;51658,238294958
BEL;Belgium;2022;5320892,0;50605,7496677086
BRA;Brazil;2000;80295093,0;3766,54786339835
BRA;Brazil;2001;82302317,0;3176,28975052524
BRA;Brazil;2002;85201661,0;2855,94017137049
BRA;Brazil;2003;86792831,0;3090,6068907839
BRA;Brazil;2004;89058034,0;3663,82262497811
BRA;Brazil;2005;91599988,0;4827,78165890291
BRA;Brazil;2006;92726865,0;5934,14561857454
BRA;Brazil;2007;93712199,0;7409,69003822861
BRA;Brazil;2008;95054971,0;8908,33338467948
BRA;Brazil;2009;96857149,0;8678,6584730653
BRA;Brazil;2010;96467543,0;11403,2840038694
BRA;Brazil;2011;95987652,0;13396,6263158041
BRA;Brazil;2012;96690220,0;12521,7238454434
BRA;Brazil;2013;97945820,0;12458,8903396625
BRA;Brazil;2014;98900006,0;12274,9941630213
BRA;Brazil;2015;100587656,0;8936,1955889444
BRA;Brazil;2016;101885554,0;8836,28546025694
BRA;Brazil;2017;103476109,0;10080,5078722821
BRA;Brazil;2018;104554923,0;9300,66072904004
BRA;Brazil;2019;106262669,0;9029,83304401079
BRA;Brazil;2020;100001874,0;7074,19407495707
BRA;Brazil;2021;104085430,0;7972,53696080695
BRA;Brazil;2022;106610573,0;9281,33282136864
CAN;Canada;2000;16186923,0;24271,0020563821
CAN;Canada;2001;16454900,0;23822,096210932
CAN;Canada;2002;16941931,0;24256,0192337185
CAN;Canada;2003;17341662,0;28301,8645937428
CAN;Canada;2004;17554856,0;32145,5412620217
CAN;Canada;2005;17706025,0;36383,6600068095
CAN;Canada;2006;17980234,0;40504,0370977806
CAN;Canada;2007;18289463,0;44660,0838892281
CAN;Canada;2008;18579576,0;46710,2526864484
CAN;Canada;2009;18747581,0;40874,8831932903
CAN;Canada;2010;18934218,0;47560,6666009406
CAN;Canada;2011;19112505,0;52223,8588398531
CAN;Canada;2012;19332146,0;52670,3447335415
CAN;Canada;2013;19544962,0;52638,1187235237
CAN;Canada;2014;19594831,0;50960,8431174661
CAN;Canada;2015;19705946,0;43594,1941045394
CAN;Canada;2016;19857477,0;42314,0615817218
CAN;Canada;2017;20155417,0;45129,628116623
CAN;Canada;2018;20391340,0;46539,1761570405
CAN;Canada;2019;20799435,0;46352,8693445211
CAN;Canada;2020;20505333,0;43537,839298904
CAN;Canada;2021;21005652,0;52886,6616372703
CAN;Canada;2022;21454656,0;56256,8007264015
CHE;Switzerland;2000;3994754,0;38865,021939688
CHE;Switzerland;2001;4061716,0;39638,7911061864
CHE;Switzerland;2002;4106054,0;42458,7384679187
CHE;Switzerland;2003;4152630,0;49335,7456291067
CHE;Switzerland;2004;4156420,0;54659,4571488233
CHE;Switzerland;2005;4176168,0;56242,8933645639
CHE;Switzerland;2006;4237789,0;59011,0324592016
CHE;Switzerland;2007;4307426,0;64989,1553256031
CHE;Switzerland;2008;4411012,0;74175,1927898555
CHE;Switzerland;2009;4480494,0;71568,3123885672
CHE;Switzerland;2010;4449019,0;76531,3729407691
CHE;Switzerland;2011;4537669,0;90476,7589651577
CHE;Switzerland;2012;4595555,0;85836,2076767359
CHE;Switzerland;2013;4653184,0;87304,3305813557
CHE;Switzerland;2014;4739164,0;88724,9909402638
CHE;Switzerland;2015;4810503,0;83806,4476003837
CHE;Switzerland;2016;4894095,0;82153,0745447889
CHE;Switzerland;2017;4927955,0;82254,3769269767
CHE;Switzerland;2018;4963632,0;85217,3691512274
CHE;Switzerland;2019;4978225,0;84121,9310304414
CHE;Switzerland;2020;4988638,0;85897,7843338323
CHE;Switzerland;2021;5007036,0;93664,7736696111
CHE;Switzerland;2022;5000225,0;94394,5106803525
CHL;Chile;2000;6343733,0;5052,99245766325
CHL;Chile;2001;6355065,0;4563,5952986689
CHL;Chile;2002;6411103,0;4430,84741157984
CHL;Chile;2003;6589050,0;4773,40177520754
CHL;Chile;2004;6752634,0;6120,59152055344
CHL;Chile;2005;6916575,0;7480,32330998636
CHL;Chile;2006;7184183,0;9318,65655296121
CHL;Chile;2007;7369317,0;10346,4138184533
CHL;Chile;2008;7648250,0;10683,2188772511
CHL;Chile;2009;7744258,0;10098,8017167286
CHL;Chile;2010;8137781,0;12632,8704724192
CHL;Chile;2011;8444195,0;14487,3927832032
CHL;Chile;2012;8560000,0;15241,9069981119
CHL;Chile;2013;8693613,0;15683,5486369155
CHL;Chile;2014;8855370,0;14529,6767206336
CHL;Chile;2015;8996276,0;13433,9202987032
CHL;Chile;2016;9146668,0;13649,8520452803
CHL;Chile;2017;9423968,0;14879,9086227187
CHL;Chile;2018;9671888,0;15659,4808675628
CHL;Chile;2019;9843775,0;14495,716721687
CHL;Chile;2020;8906788,0;13114,815470545
CHL;Chile;2021;9171143,0;16206,8325493421
CHL;Chile;2022;9670728,0;15405,6165774073
CHN;China;2000;706837950,0;969,199513696287
CHN;China;2001;715928584,0;1065,40597574519
CHN;China;2002;725938760,0;1163,55957673426
CHN;China;2003;735682023,0;1306,97245408557
CHN;China;2004;744936890,0;1530,92726215723
CHN;China;2005;754465388,0;1777,64496828464
CHN;China;2006;761959276,0;2129,25696999613
CHN;China;2007;766486940,0;2734,72709877693
CHN;China;2008;769779554,0;3523,44302065213
CHN;China;2009;772141043,0;3898,24459158811
CHN;China;2010;773873234,0;4629,24551710077
CHN;China;2011;778275581,0;5703,76027973346
CHN;China;2012;779022561,0;6405,0574241349
CHN;China;2013;779251311,0;7147,03518622344
CHN;China;2014;780370287,0;7781,06597484974
CHN;China;2015;781077009,0;8175,33285077393
CHN;China;2016;780932880,0;8254,86859320357
CHN;China;2017;779166682,0;8979,67652709856
CHN;China;2018;776868988,0;10085,6638148819
CHN;China;2019;775928449,0;10342,9009524335
CHN;China;2020;760877838,0;10627,4637989619
CHN;China;2021;781187865,0;12887,4357242941
CHN;China;2022;770113477,0;12970,6056414327
COL;Colombia;2000;17848151,0;2555,00751039968
COL;Colombia;2001;18236154,0;2472,99084035833
COL;Colombia;2002;18340323,0;2428,92969771584
COL;Colombia;2003;18966234,0;2311,94218760291
COL;Colombia;2004;19153768,0;2818,57195413044
COL;Colombia;2005;19163184,0;3456,06610874512
COL;Colombia;2006;19349955,0;3789,85361217027
COL;Colombia;2007;19533984,0;4769,926147194
COL;Colombia;2008;20022584,0;5541,83629665898
COL;Colombia;2009;21321685,0;5250,97292433518
COL;Colombia;2010;21788403,0;6398,2958447102
COL;Colombia;2011;22348779,0;7400,9940695669
COL;Colombia;2012;22946523,0;8108,59838244229
COL;Colombia;2013;23081167,0;8279,10255642981
COL;Colombia;2014;23376219,0;8187,20824890084
COL;Colombia;2015;23769792,0;6248,51490534512
COL;Colombia;2016;23971867,0;5959,84250367574
COL;Colombia;2017;24367946,0;6479,53231292429
COL;Colombia;2018;24727292,0;6816,96818309544
COL;Colombia;2019;25000012,0;6472,54544924705
COL;Colombia;2020;25151123,0;5339,68711357943
COL;Colombia;2021;25915910,0;6222,62164397614
COL;Colombia;2022;25828593,0;6680,44506854481
DEU;Germany;2000;40210993,0;23925,8559901991
DEU;Germany;2001;40298909,0;23878,3641471651
DEU;Germany;2002;40394421,0;25486,5942008748
DEU;Germany;2003;40574932,0;30711,1022511331
DEU;Germany;2004;40416992,0;34566,7359143735
DEU;Germany;2005;41133962,0;35084,4363546269
DEU;Germany;2006;41693194,0;36980,3349948954
DEU;Germany;2007;41795078,0;42350,9217211489
DEU;Germany;2008;41800249,0;46379,1647953479
DEU;Germany;2009;41823603,0;42471,8868625226
DEU;Germany;2010;41860532,0;42396,9665976293
DEU;Germany;2011;41522681,0;47630,9761883572
DEU;Germany;2012;41764438,0;44718,0159214069
DEU;Germany;2013;42179007,0;47206,8353514242
DEU;Germany;2014;42451594,0;48959,5991203133
DEU;Germany;2015;42693402,0;41929,7549110722
DEU;Germany;2016;43118037,0;42948,9381932694
DEU;Germany;2017;43391708,0;45553,9341495339
DEU;Germany;2018;43612526,0;48916,1686612154
DEU;Germany;2019;43981829,0;47656,199739747
DEU;Germany;2020;43372704,0;47394,8734504469
DEU;Germany;2021;43283278,0;52349,2459994422
DEU;Germany;2022;43561312,0;50506,5179638543
EGY;Egypt, Arab Rep.;2000;21302020,0;1366,09274372613
EGY;Egypt, Arab Rep.;2001;21324246,0;1295,1374184163
EGY;Egypt, Arab Rep.;2002;21097168,0;1116,82884626213
EGY;Egypt, Arab Rep.;2003;22178983,0;1031,27556291284
EGY;Egypt, Arab Rep.;2004;23289758,0;991,255689145253
EGY;Egypt, Arab Rep.;2005;24412249,0;1105,53920713903
EGY;Egypt, Arab Rep.;2006;25528081,0;1298,97900203124
EGY;Egypt, Arab Rep.;2007;26632069,0;1547,74170735909
EGY;Egypt, Arab Rep.;2008;26970086,0;1896,21594269779
EGY;Egypt, Arab Rep.;2009;27711440,0;2161,63964573927
EGY;Egypt, Arab Rep.;2010;29112224,0;2455,08194645282
EGY;Egypt, Arab Rep.;2011;29381900,0;2590,64384891965
EGY;Egypt, Arab Rep.;2012;29870854,0;2996,0677072015
EGY;Egypt, Arab Rep.;2013;30519334,0;3025,52563552448
EGY;Egypt, Arab Rep.;2014;30992087,0;3133,39102265541
EGY;Egypt, Arab Rep.;2015;30851683,0;3306,98159414141
EGY;Egypt, Arab Rep.;2016;31224055,0;3270,6287768197
EGY;Egypt, Arab Rep.;2017;30714881,0;2395,10333299491
EGY;Egypt, Arab Rep.;2018;30208878,0;2484,70315630508
EGY;Egypt, Arab Rep.;2019;30072045,0;2962,98892023003
EGY;Egypt, Arab Rep.;2020;30264331,0;3511,11381026379
EGY;Egypt, Arab Rep.;2021;31865548,0;3827,35415374308
EGY;Egypt, Arab Rep.;2022;32394044,0;4233,30783744856
ESP;Spain;2000;18277062,0;14743,2671031455
ESP;Spain;2001;18160478,0;15368,2337984435
ESP;Spain;2002;18992358,0;17111,0685058941
ESP;Spain;2003;19763085,0;21522,0170990262
ESP;Spain;2004;20447306,0;24925,0267844576
ESP;Spain;2005;21228524,0;26450,9530130382
ESP;Spain;2006;21942920,0;28421,686527407
ESP;Spain;2007;22532489,0;32652,015594702
ESP;Spain;2008;23164314,0;35603,248328071
ESP;Spain;2009;23401615,0;32279,8208476151
ESP;Spain;2010;23521339,0;30658,7422282912
ESP;Spain;2011;23587175,0;31824,6219134777
ESP;Spain;2012;23600235,0;28456,4438151477
ESP;Spain;2013;23404018,0;29228,846559842
ESP;Spain;2014;23180626,0;29707,765509467
ESP;Spain;2015;23132898,0;25982,4416197775
ESP;Spain;2016;23054343,0;26755,6061149398
ESP;Spain;2017;23026725,0;28381,3425596906
ESP;Spain;2018;23008131,0;30602,4212881113
ESP;Spain;2019;23229297,0;29786,5245689007
ESP;Spain;2020;22918332,0;27233,9426461608
ESP;Spain;2021;23392854,0;30799,4775937775
ESP;Spain;2022;23770575,0;30319,4987196616
ETH;Ethiopia;2000;28908590,0;122,269202606069
ETH;Ethiopia;2001;29763416,0;118,457204255261
ETH;Ethiopia;2002;30693682,0;109,593813612988
ETH;Ethiopia;2003;31680622,0;116,800491132777
ETH;Ethiopia;2004;32712513,0;133,169812538096
ETH;Ethiopia;2005;33787143,0;158,243458082465
ETH;Ethiopia;2006;34890453,0;189,345737521418
ETH;Ethiopia;2007;36075624,0;237,146255996319
ETH;Ethiopia;2008;37333059,0;316,410475118075
ETH;Ethiopia;2009;38658811,0;368,574712267445
ETH;Ethiopia;2010;40076847,0;330,619412798644
ETH;Ethiopia;2011;41585929,0;343,024942351887
ETH;Ethiopia;2012;43162700,0;452,101031885754
ETH;Ethiopia;2013;44769587,0;484,039833104062
ETH;Ethiopia;2014;45540789,0;549,986577082588
ETH;Ethiopia;2015;46289893,0;597,912113218663
ETH;Ethiopia;2016;47024057,0;641,651523286233
ETH;Ethiopia;2017;47739835,0;696,348429076216
ETH;Ethiopia;2018;48392305,0;739,702022272086
ETH;Ethiopia;2019;48989009,0;793,473247210264
ETH;Ethiopia;2020;49138941,0;829,790982547947
ETH;Ethiopia;2021;49963936,0;893,00983544905
ETH;Ethiopia;2022;51764455,0;982,103161506992
FRA;France;2000;27313657,0;22340,5939516217
FRA;France;2001;27441602,0;22331,7948343036
FRA;France;2002;27809449,0;24144,5727019529
FRA;France;2003;28339734,0;29479,5222101175
FRA;France;2004;28513168,0;33644,9282220364
FRA;France;2005;28829106,0;34696,3718316971
FRA;France;2006;29008602,0;36431,5658906555
FRA;France;2007;29271805,0;41486,1907828787
FRA;France;2008;29464970,0;45464,8181385158
FRA;France;2009;29692721,0;41728,0884164132
FRA;France;2010;29781056,0;40694,8211697025
FRA;France;2011;29815844,0;43929,7840873812
FRA;France;2012;30074280,0;40863,5814412333
FRA;France;2013;30287405,0;42669,1795111893
FRA;France;2014;30194204,0;43148,0459288416
FRA;France;2015;30261476,0;36702,4323733379
FRA;France;2016;30280138,0;37024,2157133669
FRA;France;2017;30347085,0;38687,1626407164
FRA;France;2018;30534890,0;41418,1766484844
FRA;France;2019;30500444,0;40408,2848574751
FRA;France;2020;30289755,0;39169,8606000707
FRA;France;2021;31188658,0;43725,0999521245
FRA;France;2022;31586796,0;40988,6396406579
GBR;United Kingdom;2000;29283662,0;28383,8761094996
GBR;United Kingdom;2001;29309697,0;28013,8729635508
GBR;United Kingdom;2002;29641396,0;30158,7017807858
GBR;United Kingdom;2003;29861693,0;34556,7726095905
GBR;United Kingdom;2004;30084688,0;40504,4118103928
GBR;United Kingdom;2005;30476257,0;42240,2462987547
GBR;United Kingdom;2006;30976247,0;44695,161023424
GBR;United Kingdom;2007;31187174,0;50629,0799172887
GBR;United Kingdom;2008;31584306,0;47652,4030691881
GBR;United Kingdom;2009;31740291,0;39009,3715547821
GBR;United Kingdom;2010;31901655,0;39778,3220528565
GBR;United Kingdom;2011;32145413,0;42295,9273835322
GBR;United Kingdom;2012;32478183,0;42688,3263728372
GBR;United Kingdom;2013;32691654,0;43606,9837896348
GBR;United Kingdom;2014;32988577,0;47746,2421759562
GBR;United Kingdom;2015;33272547,0;45255,3449216209
GBR;United Kingdom;2016;33594470,0;41257,9085545556
GBR;United Kingdom;2017;33751477,0;40916,8115070354
GBR;United Kingdom;2018;34016301,0;43702,9976303165
GBR;United Kingdom;2019;34207438,0;43158,7411267323
GBR;United Kingdom;2020;34260316,0;40812,6794663879
GBR;United Kingdom;2021;34108417,0;47691,3768799404
GBR;United Kingdom;2022;34472367,0;47057,043229179
GHA;Ghana;2000;8217643,0;253,746936203344
GHA;Ghana;2001;8489686,0;263,542156494853
GHA;Ghana;2002;8780391,0;297,46164468774
GHA;Ghana;2003;9071660,0;358,39927142073
GHA;Ghana;2004;9363454,0;406,132105329565
GHA;Ghana;2005;9656788,0;478,611909191028
GHA;Ghana;2006;9952251,0;906,441027564887
GHA;Ghana;2007;10253841,0;1050,12461524926
GHA;Ghana;2008;10557369,0;1182,65761256016
GHA;Ghana;2009;10856911,0;1047,70430093586
GHA;Ghana;2010;11144747,0;1263,89251760539
GHA;Ghana;2011;11424206,0;1507,43573198753
GHA;Ghana;2012;11707315,0;1543,77524235764
GHA;Ghana;2013;11997060,0;2294,79584693743
GHA;Ghana;2014;12101554,0;1949,90832923846
GHA;Ghana;2015;12200598,0;1722,77282833606
GHA;Ghana;2016;12308859,0;1912,47991339951
GHA;Ghana;2017;12411296,0;2012,28662641265
GHA;Ghana;2018;12431335,0;2195,32166016377
GHA;Ghana;2019;12437098,0;2186,65822682613
GHA;Ghana;2020;12333934,0;2195,45481659987
GHA;Ghana;2021;12396107,0;2445,18662529344
GHA;Ghana;2022;12434883,0;2229,89122647803
IDN;Indonesia;2000;101308307,0;763,711124950924
IDN;Indonesia;2001;102354432,0;732,307093405708
IDN;Indonesia;2002;102498864,0;881,002913569131
IDN;Indonesia;2003;103909546,0;1043,2105838671
IDN;Indonesia;2004;105759801,0;1126,84004447173
IDN;Indonesia;2005;105482562,0;1238,21447629488
IDN;Indonesia;2006;106957017,0;1558,31562847163
IDN;Indonesia;2007;112145843,0;1823,21976255073
IDN;Indonesia;2008;114200383,0;2124,55483920618
IDN;Indonesia;2009;115441860,0;2218,48541852977
IDN;Indonesia;2010;118205102,0;3065,68348377765
IDN;Indonesia;2011;120648289,0;3579,46442466152
IDN;Indonesia;2012;123448397,0;3632,27254030331
IDN;Indonesia;2013;124097473,0;3566,60284506078
IDN;Indonesia;2014;125645513,0;3441,06808464008
IDN;Indonesia;2015;127299364,0;3288,22269725538
IDN;Indonesia;2016;128501300,0;3521,46943457574
IDN;Indonesia;2017;130940742,0;3798,88326174526
IDN;Indonesia;2018;134532894,0;3860,95353090726
IDN;Indonesia;2019;137425585,0;4106,94856160358
IDN;Indonesia;2020;137375390,0;3853,70288774146
IDN;Indonesia;2021;135672770,0;4287,17313995098
IDN;Indonesia;2022;139637843,0;4730,83484836107
IND;India;2000;409617771,0;442,750218937263
IND;India;2001;418764922,0;450,357900514128
IND;India;2002;427829074,0;469,149928973927
IND;India;2003;436753652,0;544,143133545002
IND;India;2004;445825854,0;624,258826510066
IND;India;2005;454832471,0;710,488080408949
IND;India;2006;457611460,0;801,668353659022
IND;India;2007;460225575,0;1021,88707706826
IND;India;2008;462536166,0;992,519584923828
IND;India;2009;464953334,0;1094,94974598436
IND;India;2010;467561989,0;1347,51939071367
IND;India;2011;471891929,0;1445,46127486037
IND;India;2012;476101422,0;1429,32199520032
IND;India;2013;484466830,0;1432,84397512195
IND;India;2014;492680645,0;1553,88396075118
IND;India;2015;500640619,0;1583,99815907985
IND;India;2016;508681288,0;1707,50892912243
IND;India;2017;516713963,0;1950,10468280866
IND;India;2018;524292869,0;1966,25455171679
IND;India;2019;531373378,0;2041,42863698585
IND;India;2020;532528354,0;1907,04251637669
IND;India;2021;550352877,0;2239,61384367482
IND;India;2022;569155867,0;2347,44829434623
ITA;Italy;2000;23341777,0;20190,0035636084
ITA;Italy;2001;23396490,0;20570,4385917862
ITA;Italy;2002;23619487,0;22451,3964379368
ITA;Italy;2003;23941068,0;27577,5700319855
ITA;Italy;2004;24568011,0;31348,1901841445
ITA;Italy;2005;24435953,0;32062,723833669
ITA;Italy;2006;24525284,0;33537,1286994269
ITA;Italy;2007;24533838,0;37826,1754554823
ITA;Italy;2008;24903672,0;40828,5795580937
ITA;Italy;2009;24718373,0;37099,6133958219
ITA;Italy;2010;24680015,0;35856,8625485539
ITA;Italy;2011;24716194,0;38432,3742820019
ITA;Italy;2012;25274094,0;34854,3949441965
ITA;Italy;2013;25176920,0;35701,6746002376
ITA;Italy;2014;25330291,0;36028,3494022349
ITA;Italy;2015;25270285,0;30639,8829751432
ITA;Italy;2016;25548902,0;31391,5692898108
ITA;Italy;2017;25724021,0;32844,115660604
ITA;Italy;2018;25901424,0;34904,1081923834
ITA;Italy;2019;25761500,0;33812,788724868
ITA;Italy;2020;24984272,0;32091,4866621366
ITA;Italy;2021;25032297,0;36852,5425414951
ITA;Italy;2022;25351560,0;35653,9042103495
JPN;Japan;2000;67813478,0;39169,3595701504
JPN;Japan;2001;67616593,0;34406,1824638092
JPN;Japan;2002;67054919,0;32820,7936433254
JPN;Japan;2003;66784334,0;35387,0374203599
JPN;Japan;2004;66508242,0;38298,9801712303
JPN;Japan;2005;66581356,0;37812,8950199948
JPN;Japan;2006;66694003,0;35991,546002862
JPN;Japan;2007;66797225,0;35779,0245416427
JPN;Japan;2008;66611354,0;39876,3039685725
JPN;Japan;2009;66339021,0;41308,9968370512
JPN;Japan;2010;66100429,0;44968,1562349739
JPN;Japan;2011;65674339,0;48760,0789494211
JPN;Japan;2012;65377600,0;49145,2804308193
JPN;Japan;2013;65621150,0;40898,6478964744
JPN;Japan;2014;65843453,0;38475,3952461838
JPN;Japan;2015;65931158,0;34960,6393843385
JPN;Japan;2016;66529155,0;39375,4731620781
JPN;Japan;2017;67070828,0;38834,0529341227
JPN;Japan;2018;68187091,0;39751,1330982711
JPN;Japan;2019;68812048,0;40415,9567649547
JPN;Japan;2020;68656452,0;40028,7341726762
JPN;Japan;2021;68592854,0;40094,5599795288
JPN;Japan;2022;68931266,0;34065,6438962526
KOR;Korea, Rep.;2000;22567537,0;12710,2995795579
KOR;Korea, Rep.;2001;22938753,0;11981,4828218758
KOR;Korea, Rep.;2002;23347640,0;13642,9424537101
KOR;Korea, Rep.;2003;23376928,0;15211,5483770422
KOR;Korea, Rep.;2004;23859038,0;17121,6301633201
KOR;Korea, Rep.;2005;23953153,0;20167,0474902506
KOR;Korea, Rep.;2006;24205394,0;22609,7059431449
KOR;Korea, Rep.;2007;24444660,0;25078,4853957105
KOR;Korea, Rep.;2008;24606329,0;22252,3125108061
KOR;Korea, Rep.;2009;24664533,0;19937,3029137734
KOR;Korea, Rep.;2010;24998081,0;24071,2620526362
KOR;Korea, Rep.;2011;25497708,0;26175,2398553363
KOR;Korea, Rep.;2012;25940388,0;26600,5477433903
KOR;Korea, Rep.;2013;26423747,0;28449,3591104972
KOR;Korea, Rep.;2014;27115956,0;30667,0912467447
KOR;Korea, Rep.;2015;27531028,0;30171,7906545222
KOR;Korea, Rep.;2016;27791833,0;30832,0628072516
KOR;Korea, Rep.;2017;28106147,0;33296,9845439195
KOR;Korea, Rep.;2018;28257879,0;35363,9508228687
KOR;Korea, Rep.;2019;28561856,0;33826,9443301597
KOR;Korea, Rep.;2020;28369827,0;33645,7719545073
KOR;Korea, Rep.;2021;28560792,0;37518,4635305697
KOR;Korea, Rep.;2022;29201402,0;34822,4048404971
MEX;Mexico;2000;38588417,0;7524,0271380091
MEX;Mexico;2001;39007360,0;7952,76479510706
MEX;Mexico;2002;39513494,0;7983,03398381759
MEX;Mexico;2003;40580596,0;7434,0746485155
MEX;Mexico;2004;41810127,0;7849,66759649565
MEX;Mexico;2005;43213356,0;8671,75891885163
MEX;Mexico;2006;44671073,0;9512,63575346699
MEX;Mexico;2007;45655255,0;10134,3327138119
MEX;Mexico;2008;46418411,0;10523,7685403244
MEX;Mexico;2009;47339853,0;8423,56933214711
MEX;Mexico;2010;48189452,0;9728,80078377082
MEX;Mexico;2011;49262430,0;10664,4944032313
MEX;Mexico;2012;50764169,0;10744,1335242686
MEX;Mexico;2013;51511392,0;11216,8008505428
MEX;Mexico;2014;51907743,0;11391,3773497683
MEX;Mexico;2015;52800736,0;10021,2386118827
MEX;Mexico;2016;53498509,0;9097,92397674769
MEX;Mexico;2017;54114274,0;9649,27816772402
MEX;Mexico;2018;55142830,0;10084,7937562021
MEX;Mexico;2019;56614536,0;10369,5553585271
MEX;Mexico;2020;52956486,0;8841,27075039868
MEX;Mexico;2021;56864048,0;10314,0506722115
MEX;Mexico;2022;58544385,0;11405,7940473759
MYS;Malaysia;2000;9003136,0;4083,52874483605
MYS;Malaysia;2001;9319049,0;3943,79943910239
MYS;Malaysia;2002;9642825,0;4184,03163773539
MYS;Malaysia;2003;9976922,0;4465,32194567208
MYS;Malaysia;2004;10324666,0;4939,24851854427
MYS;Malaysia;2005;10688442,0;5555,58179951206
MYS;Malaysia;2006;11067941,0;6158,40785533236
MYS;Malaysia;2007;11462139,0;7168,93031942508
MYS;Malaysia;2008;11872645,0;8371,82156086005
MYS;Malaysia;2009;12298453,0;7191,43287234626
MYS;Malaysia;2010;12720268,0;8899,34505544675
MYS;Malaysia;2011;13112179,0;10217,1068585031
MYS;Malaysia;2012;13636640,0;10600,5744240026
MYS;Malaysia;2013;14173536,0;10713,6407638899
MYS;Malaysia;2014;14721580,0;11013,3107334403
MYS;Malaysia;2015;15103051,0;9648,6797937523
MYS;Malaysia;2016;15415068,0;9476,53409809923
MYS;Malaysia;2017;15779343,0;9862,54806612235
MYS;Malaysia;2018;16212579,0;10901,8019954421
MYS;Malaysia;2019;16636582,0;10920,191763972
MYS;Malaysia;2020;16871915,0;9957,52626697613
MYS;Malaysia;2021;17233270,0;10903,1037480772
MYS;Malaysia;2022;17730042,0;11754,5678336248
NGA;Nigeria;2000;59281872,0;547,318298903379
NGA;Nigeria;2001;60772025,0;566,428231812933
NGA;Nigeria;2002;62235800,0;712,164852077686
NGA;Nigeria;2003;63693782,0;763,388745367223
NGA;Nigeria;2004;65217367,0;962,48104194733
NGA;Nigeria;2005;66741004,0;1211,37703504386
NGA;Nigeria;2006;68316893,0;1599,53891556365
NGA;Nigeria;2007;69975807,0;1815,52697545827
NGA;Nigeria;2008;71669029,0;2154,10543545364
NGA;Nigeria;2009;73499013,0;1820,48633854782
NGA;Nigeria;2010;75284751,0;2202,25672957344
NGA;Nigeria;2011;77225150,0;2418,41316975875
NGA;Nigeria;2012;79317244,0;2633,19734671361
NGA;Nigeria;2013;81303065,0;2872,79083379398
NGA;Nigeria;2014;83458627,0;3088,72131316169
NGA;Nigeria;2015;85773802,0;2585,73360671797
NGA;Nigeria;2016;88256929,0;2070,4127339595
NGA;Nigeria;2017;90905566,0;1876,34027111773
NGA;Nigeria;2018;93615892,0;2057,87944554011
NGA;Nigeria;2019;96335866,0;3189,81286498516
NGA;Nigeria;2020;97041268,0;2797,18458068686
NGA;Nigeria;2021;100887576,0;2787,48779224428
NGA;Nigeria;2022;105269418,0;2899,16047470324
NLD;Netherlands;2000;8771496,0;26225,1697734149
NLD;Netherlands;2001;8854790,0;26955,7128032278
NLD;Netherlands;2002;8904143,0;29446,5330872868
NLD;Netherlands;2003;8924311,0;35896,7504630706
NLD;Netherlands;2004;8931350,0;40611,3414353091
NLD;Netherlands;2005;8939597,0;42165,396168388
NLD;Netherlands;2006;8970173,0;45123,5432406426
NLD;Netherlands;2007;9012338,0;52100,7996285947
NLD;Netherlands;2008;9066482,0;58246,7026905874
NLD;Netherlands;2009;9087024,0;53172,0261581418
NLD;Netherlands;2010;9106986,0;51305,7338533973
NLD;Netherlands;2011;9149140,0;54701,7728030611
NLD;Netherlands;2012;9255457,0;50473,9442002689
NLD;Netherlands;2013;9298757,0;52602,2860520766
NLD;Netherlands;2014;9275880,0;53457,2234864322
NLD;Netherlands;2015;9385800,0;45793,8135434697
NLD;Netherlands;2016;9434786,0;46808,5291492503
NLD;Netherlands;2017;9491538,0;49513,6817346384
NLD;Netherlands;2018;9608481,0;53955,0770024266
NLD;Netherlands;2019;9742856,0;53554,9007491475
NLD;Netherlands;2020;9793423,0;53467,9277413737
NLD;Netherlands;2021;9858813,0;60141,9880911492
NLD;Netherlands;2022;10073395,0;59123,318556487
NOR;Norway;2000;2399174,0;38178,2368777076
NOR;Norway;2001;2421786,0;38601,897639231
NOR;Norway;2002;2442913,0;43170,557174499
NOR;Norway;2003;2462624,0;50250,3298214345
NOR;Norway;2004;2490257,0;57768,6980958462
NOR;Norway;2005;2522881,0;67047,1704558264
NOR;Norway;2006;2559325,0;74434,4996835671
NOR;Norway;2007;2601653,0;85502,2677087731
NOR;Norway;2008;2640107,0;97503,5407803783
NOR;Norway;2009;2662239,0;80347,5700665184
NOR;Norway;2010;2672715,0;88163,2085931423
NOR;Norway;2011;2706107,0;101221,813476644
NOR;Norway;2012;2745427,0;102175,919298374
NOR;Norway;2013;2778579,0;103553,840134417
NOR;Norway;2014;2799152,0;97666,6951838749
NOR;Norway;2015;2832644,0;74809,9658049898
NOR;Norway;2016;2845954,0;70867,3609970749
NOR;Norway;2017;2848702,0;76131,8384032764
NOR;Norway;2018;2883492,0;82792,8427113304
NOR;Norway;2019;2911217,0;76430,5889473338
NOR;Norway;2020;2925043,0;68340,0181033702
NOR;Norway;2021;2948722,0;93072,8925119571
NOR;Norway;2022;2995482,0;109269,520580298
PER;Peru;2000;11421931,0;1945,41338451698
PER;Peru;2001;12219945,0;1929,57273038846
PER;Peru;2002;12684823,0;2007,37019626753
PER;Peru;2003;13141432,0;2129,44114197634
PER;Peru;2004;13589275,0;2397,25147277714
PER;Peru;2005;14025537,0;2706,66947297608
PER;Peru;2006;14840428,0;3129,55996496982
PER;Peru;2007;15475880,0;3581,0893081917
PER;Peru;2008;15688718,0;4197,58444634142
PER;Peru;2009;15961805,0;4181,18755462253
PER;Peru;2010;16300474,0;5072,11494019615
PER;Peru;2011;16389689,0;5861,35793645245
PER;Peru;2012;16569598,0;6519,37852981527
PER;Peru;2013;16673246,0;6746,80025696601
PER;Peru;2014;16746275,0;6667,13410360861
PER;Peru;2015;16759049,0;6231,71150338894
PER;Peru;2016;16939632,0;6217,03599995447
PER;Peru;2017;17644346,0;6736,16693725487
PER;Peru;2018;18124121,0;6978,49121548627
PER;Peru;2019;18599717,0;7037,00803692604
PER;Peru;2020;16861243,0;6133,32552410183
PER;Peru;2021;17853296,0;6826,20255614477
PER;Peru;2022;18756175,0;7350,63034300417
PHL;Philippines;2000;29661770,0;1050,79273107952
PHL;Philippines;2001;30515119,0;969,530611744453
PHL;Philippines;2002;31307312,0;1014,90879320106
PHL;Philippines;2003;32101597,0;1027,2301192843
PHL;Philippines;2004;33146452,0;1099,63013023758
PHL;Philippines;2005;34017208,0;1220,46018559867
PHL;Philippines;2006;34684599,0;1426,14649179546
PHL;Philippines;2007;35381465,0;1712,65543282793
PHL;Philippines;2008;36070857,0;1959,29233534978
PHL;Philippines;2009;37120751,0;1864,45043406471
PHL;Philippines;2010;38110500,0;2162,91375885614
PHL;Philippines;2011;39596984,0;2383,91892522087
PHL;Philippines;2012;40289936,0;2614,61644401308
PHL;Philippines;2013;41114722,0;2781,27957677397
PHL;Philippines;2014;42543143,0;2866,83803761407
PHL;Philippines;2015;42976583,0;2909,85818010301
PHL;Philippines;2016;44089437,0;2985,19564024046
PHL;Philippines;2017;43266495,0;3038,12124959289
PHL;Philippines;2018;44041398,0;3168,51036609727
PHL;Philippines;2019;45267971,0;3400,78949767074
PHL;Philippines;2020;42533348,0;3227,57910235199
PHL;Philippines;2021;44699749,0;3484,38593882819
PHL;Philippines;2022;49481401,0;3548,06930572116
POL;Poland;2000;17100972,0;4520,64100449111
POL;Poland;2001;17478771,0;5015,23790036613
POL;Poland;2002;17337681,0;5223,45178967082
POL;Poland;2003;17315310,0;5720,81366178104
POL;Poland;2004;17306665,0;6711,72715262967
POL;Poland;2005;17466080,0;8043,92332253757
POL;Poland;2006;17355521,0;9068,85528307627
POL;Poland;2007;17361678,0;11272,5293683383
POL;Poland;2008;17601086,0;14048,5604672654
POL;Poland;2009;17886033,0;11556,3026866026
POL;Poland;2010;18144753,0;12567,7317676382
POL;Poland;2011;18210344,0;13867,6669408192
POL;Poland;2012;18334357,0;13087,420943321
POL;Poland;2013;18319899,0;13621,9023794031
POL;Poland;2014;18420604,0;14262,2841914116
POL;Poland;2015;18407499,0;12637,5220324406
POL;Poland;2016;18466235,0;12464,0110508476
POL;Poland;2017;18534927,0;13913,3402919927
POL;Poland;2018;18503688,0;15658,2120316794
POL;Poland;2019;18454120,0;15874,5220531254
POL;Poland;2020;18197725,0;16150,9304813473
POL;Poland;2021;18351011,0;18635,5104895754
POL;Poland;2022;18378935,0;18891,2121169279
SGP;Singapore;2000;2138100,0;23852,8389514753
SGP;Singapore;2001;2205923,0;21699,7414868907
SGP;Singapore;2002;2200772,0;22159,8373710639
SGP;Singapore;2003;2176377,0;23730,3840054566
SGP;Singapore;2004;2211220,0;27608,080013423
SGP;Singapore;2005;2301785,0;29961,3172812732
SGP;Singapore;2006;2426201,0;33768,4528234651
SGP;Singapore;2007;2530038,0;39432,8860198877
SGP;Singapore;2008;2737323,0;40008,5720489092
SGP;Singapore;2009;2837096,0;38926,8054365453
SGP;Singapore;2010;2936802,0;47236,683084953
SGP;Singapore;2011;3012462,0;53891,4570264372
SGP;Singapore;2012;3125729,0;55547,5553077786
SGP;Singapore;2013;3179345,0;56967,4257940383
SGP;Singapore;2014;3266959,0;57564,8023114977
SGP;Singapore;2015;3360400,0;55645,6068614606
SGP;Singapore;2016;3396546,0;57005,5887176547
SGP;Singapore;2017;3388507,0;61236,251270627
SGP;Singapore;2018;3390276,0;66881,6067035265
SGP;Singapore;2019;3454121,0;65952,0378959293
SGP;Singapore;2020;3431193,0;61410,0792630788
SGP;Singapore;2021;3385810,0;80056,1288247844
SGP;Singapore;2022;3459003,0;90299,0694637269
SWE;Sweden;2000;4486411,0;29632,5890811623
SWE;Sweden;2001;4557682,0;27259,3174300217
SWE;Sweden;2002;4579075,0;29957,7776664916
SWE;Sweden;2003;4605791,0;37292,2419727801
SWE;Sweden;2004;4619761,0;42758,0048564929
SWE;Sweden;2005;4715768,0;43378,4077394363
SWE;Sweden;2006;4766168,0;46531,3762240485
SWE;Sweden;2007;4842914,0;53568,3057787832
SWE;Sweden;2008;4903302,0;55817,1759726485
SWE;Sweden;2009;4912061,0;46707,6425044751
SWE;Sweden;2010;4942519,0;52542,5759090299
SWE;Sweden;2011;5002813,0;60379,4814599322
SWE;Sweden;2012;5032178,0;57749,5615420853
SWE;Sweden;2013;5090081,0;60843,9888799369
SWE;Sweden;2014;5132346,0;59583,4584491714
SWE;Sweden;2015;5177451,0;51188,1652120493
SWE;Sweden;2016;5244169,0;51703,5088332851
SWE;Sweden;2017;5331498,0;53210,2233318965
SWE;Sweden;2018;5397382,0;54018,4554391861
SWE;Sweden;2019;5458324,0;51648,9892820514
SWE;Sweden;2020;5463932,0;52568,5726980146
SWE;Sweden;2021;5504637,0;60647,5416365347
SWE;Sweden;2022;5586140,0;54836,8907235124
THA;Thailand;2000;35011504,0;2005,97694514234
THA;Thailand;2001;35644475,0;1889,93432467144
THA;Thailand;2002;36072920,0;2089,75183111554
THA;Thailand;2003;36488833,0;2347,54001286066
THA;Thailand;2004;37013784,0;2641,56268717857
THA;Thailand;2005;37537474,0;2867,70383436062
THA;Thailand;2006;37757576,0;3331,32043511773
THA;Thailand;2007;38463790,0;3918,52817434581
THA;Thailand;2008;38958286,0;4309,13509292986
THA;Thailand;2009;39417409,0;4135,43986952819
THA;Thailand;2010;39244294,0;4973,86288823778
THA;Thailand;2011;40584009,0;5373,6232832898
THA;Thailand;2012;40844641,0;5725,52802835463
THA;Thailand;2013;39678084,0;6018,08244729255
THA;Thailand;2014;39964948,0;5801,1978916205
THA;Thailand;2015;40014953,0;5688,85335397884
THA;Thailand;2016;39822992,0;5833,57715617098
THA;Thailand;2017;39720340,0;6413,09182530343
THA;Thailand;2018;40193292,0;7099,77650081458
THA;Thailand;2019;39952678,0;7605,69657797759
THA;Thailand;2020;40252215,0;6985,64393892574
THA;Thailand;2021;40439671,0;7057,20754802279
THA;Thailand;2022;40754371,0;6909,35281815827
USA;United States;2000;147139887,0;36329,9560727102
USA;United States;2001;148213470,0;37133,623113437
USA;United States;2002;149241895,0;37997,7596573051
USA;United States;2003;149992325,0;39490,2749557007
USA;United States;2004;151218126,0;41724,6316287624
USA;United States;2005;153120588,0;44123,4070679055
USA;United States;2006;155267046,0;46302,0008800056
USA;United States;2007;156588966,0;48050,2237771135
USA;United States;2008;158272885,0;48570,0459804586
USA;United States;2009;158353162,0;47194,9433547336
USA;United States;2010;158330168,0;48642,6100179312
USA;United States;2011;158537150,0;50024,868799398
USA;United States;2012;159682753,0;51708,4011556577
USA;United States;2013;160132463,0;53179,0127634561
USA;United States;2014;160876331,0;54973,4207515712
USA;United States;2015;161927418,0;56572,9188996063
USA;United States;2016;163886456,0;57638,1018367192
USA;United States;2017;165597316,0;59635,0984397965
USA;United States;2018;167002008,0;62499,8744390068
USA;United States;2019;168920514,0;64746,4506778863
USA;United States;2020;166565059,0;63515,9491807833
USA;United States;2021;167182196,0;70205,050916026
USA;United States;2022;169494100,0;76657,2488844403
ZAF;South Africa;2000;17579103,0;3217,84693448467
ZAF;South Africa;2001;17886684,0;2847,15191945908
ZAF;South Africa;2002;18213750,0;2688,23676032806
ZAF;South Africa;2003;18543438,0;4062,21755993786
ZAF;South Africa;2004;18856474,0;5221,46333731721
ZAF;South Africa;2005;19148046,0;5836,87663325127
ZAF;South Africa;2006;19425615,0;6077,38293388876
ZAF;South Africa;2007;19701783,0;6591,85535960564
ZAF;South Africa;2008;19985153,0;6184,75474328399
ZAF;South Africa;2009;19627941,0;6374,70560042992
ZAF;South Africa;2010;19313604,0;7973,47195771517
ZAF;South Africa;2011;19595642,0;8646,05571071635
ZAF;South Africa;2012;20077789,0;8076,97678479741
ZAF;South Africa;2013;20696420,0;7331,65467384919
ZAF;South Africa;2014;21191119,0;6856,73137092522
ZAF;South Africa;2015;22199948,0;6112,27382485974
ZAF;South Africa;2016;22454382,0;5651,20585165749
ZAF;South Africa;2017;22888401,0;6618,33508255701
ZAF;South Africa;2018;23325105,0;6914,1780318076
ZAF;South Africa;2019;23899064,0;6533,71121032856
ZAF;South Africa;2020;22347803,0;5580,60383075189
ZAF;South Africa;2021;23480812,0;6828,75624590017
ZAF;South Africa;2022;24587967,0;6534,24867783397
